{
  "project_info": {
    "project_number": "121181656915",
    "project_id": "my-project-abdullah-a8d51",
    "storage_bucket": "my-project-abdullah-a8d51.firebasestorage.app"
  },
  "client": [
    {
      "client_info": {
        "mobilesdk_app_id": "1:121181656915:android:b0c237d32b23290ea6b3a6",
        "android_client_info": {
          "package_name": "superior.project_6"
        }
      },
      "oauth_client": [],
      "api_key": [
        {
          "current_key": "AIzaSyDf3v9iiKZMU1diSQJiCimgnlhIuGxgNVk"
        }
      ],
      "services": {
        "appinvite_service": {
          "other_platform_oauth_client": []
        }
      }
    }
  ],
  "configuration_version": "1"
}